"UF";"Municipio";"Codigo";"Ano";"Robson";"cesarea_antes_do_parto";"Nascidos"
"AC";"ACRELANDIA";"120001";"2010";"2";NA;"1"
"AC";"ACRELANDIA";"120001";"2010";"2";"1";"2"
"AC";"ACRELANDIA";"120001";"2010";"4";NA;"4"
"AC";"ACRELANDIA";"120001";"2011";"2";"1";"1"
"AC";"ACRELANDIA";"120001";"2011";"2";"3";"3"
"AC";"ACRELANDIA";"120001";"2011";"4";"3";"2"
"AC";"ACRELANDIA";"120001";"2012";"2";"3";"4"
"AC";"ACRELANDIA";"120001";"2012";"4";"3";"2"
"AC";"ACRELANDIA";"120001";"2014";"2";NA;"2"
"AC";"ACRELANDIA";"120001";"2014";"4";NA;"5"
"AC";"ACRELANDIA";"120001";"2015";"2";NA;"3"
"AC";"ACRELANDIA";"120001";"2015";"2";"1";"1"
"AC";"ACRELANDIA";"120001";"2015";"4";NA;"14"
"AC";"ACRELANDIA";"120001";"2015";"4";"2";"1"
"AC";"ACRELANDIA";"120001";"2016";"2";"1";"1"
"AC";"ACRELANDIA";"120001";"2016";"2";"3";"4"
"AC";"ACRELANDIA";"120001";"2016";"4";"1";"3"
"AC";"ACRELANDIA";"120001";"2016";"4";"3";"10"
"AC";"ACRELANDIA";"120001";"2017";"2";"1";"1"
"AC";"ACRELANDIA";"120001";"2017";"2";"2";"2"
"AC";"ACRELANDIA";"120001";"2017";"2";"3";"1"
"AC";"ACRELANDIA";"120001";"2017";"4";"1";"1"
"AC";"ACRELANDIA";"120001";"2017";"4";"3";"4"
"AC";"ACRELANDIA";"120001";"2018";"2";"1";"2"
"AC";"ACRELANDIA";"120001";"2018";"2";"3";"4"
"AC";"ACRELANDIA";"120001";"2018";"4";"1";"1"
"AC";"ACRELANDIA";"120001";"2018";"4";"2";"2"
"AC";"ACRELANDIA";"120001";"2018";"4";"3";"8"
"AC";"ACRELANDIA";"120001";"2019";"2";"1";"8"
"AC";"ACRELANDIA";"120001";"2019";"2";"2";"1"
"AC";"ACRELANDIA";"120001";"2019";"2";"3";"4"
"AC";"ACRELANDIA";"120001";"2019";"4";"1";"5"
"AC";"ACRELANDIA";"120001";"2019";"4";"2";"1"
"AC";"ACRELANDIA";"120001";"2019";"4";"3";"10"
"AC";"ACRELANDIA";"120001";"2020";"2";"1";"3"
"AC";"ACRELANDIA";"120001";"2020";"2";"2";"2"
"AC";"ACRELANDIA";"120001";"2020";"2";"3";"6"
"AC";"ACRELANDIA";"120001";"2020";"4";"1";"2"
"AC";"ACRELANDIA";"120001";"2020";"4";"3";"18"
"AC";"ACRELANDIA";"120001";"2021";"2";"1";"7"
"AC";"ACRELANDIA";"120001";"2021";"2";"3";"7"
"AC";"ACRELANDIA";"120001";"2021";"2";"9";"3"
"AC";"ACRELANDIA";"120001";"2021";"4";"1";"5"
"AC";"ACRELANDIA";"120001";"2021";"4";"2";"2"
"AC";"ACRELANDIA";"120001";"2021";"4";"3";"10"
"AC";"ASSIS BRASIL";"120005";"2010";"2";NA;"1"
"AC";"ASSIS BRASIL";"120005";"2010";"4";NA;"5"
"AC";"ASSIS BRASIL";"120005";"2010";"4";"1";"1"
"AC";"ASSIS BRASIL";"120005";"2011";"2";"3";"6"
"AC";"ASSIS BRASIL";"120005";"2011";"4";"1";"2"
"AC";"ASSIS BRASIL";"120005";"2011";"4";"3";"13"
"AC";"ASSIS BRASIL";"120005";"2012";"2";"3";"4"
"AC";"ASSIS BRASIL";"120005";"2012";"4";"3";"7"
"AC";"ASSIS BRASIL";"120005";"2014";"2";NA;"3"
"AC";"ASSIS BRASIL";"120005";"2014";"2";"1";"1"
"AC";"ASSIS BRASIL";"120005";"2014";"4";NA;"18"
"AC";"ASSIS BRASIL";"120005";"2015";"2";NA;"8"
"AC";"ASSIS BRASIL";"120005";"2015";"2";"2";"1"
"AC";"ASSIS BRASIL";"120005";"2015";"4";NA;"29"
"AC";"ASSIS BRASIL";"120005";"2015";"4";"1";"1"
"AC";"ASSIS BRASIL";"120005";"2016";"2";"1";"3"
"AC";"ASSIS BRASIL";"120005";"2016";"2";"3";"2"
"AC";"ASSIS BRASIL";"120005";"2016";"4";"1";"4"
"AC";"ASSIS BRASIL";"120005";"2016";"4";"2";"1"
"AC";"ASSIS BRASIL";"120005";"2016";"4";"3";"13"
"AC";"ASSIS BRASIL";"120005";"2017";"2";"1";"2"
"AC";"ASSIS BRASIL";"120005";"2017";"2";"3";"5"
"AC";"ASSIS BRASIL";"120005";"2017";"4";"1";"1"
"AC";"ASSIS BRASIL";"120005";"2017";"4";"2";"1"
"AC";"ASSIS BRASIL";"120005";"2017";"4";"3";"4"
"AC";"ASSIS BRASIL";"120005";"2018";"2";"1";"4"
"AC";"ASSIS BRASIL";"120005";"2018";"2";"2";"1"
"AC";"ASSIS BRASIL";"120005";"2018";"4";"1";"5"
"AC";"ASSIS BRASIL";"120005";"2018";"4";"2";"1"
"AC";"ASSIS BRASIL";"120005";"2018";"4";"3";"2"
"AC";"ASSIS BRASIL";"120005";"2019";"2";"1";"2"
"AC";"ASSIS BRASIL";"120005";"2019";"4";"1";"2"
"AC";"ASSIS BRASIL";"120005";"2019";"4";"3";"6"
"AC";"ASSIS BRASIL";"120005";"2020";"2";"1";"3"
"AC";"ASSIS BRASIL";"120005";"2020";"2";"2";"2"
"AC";"ASSIS BRASIL";"120005";"2020";"2";"3";"3"
"AC";"ASSIS BRASIL";"120005";"2020";"4";"1";"4"
"AC";"ASSIS BRASIL";"120005";"2020";"4";"3";"4"
"AC";"ASSIS BRASIL";"120005";"2021";"2";"1";"3"
"AC";"ASSIS BRASIL";"120005";"2021";"2";"3";"4"
"AC";"ASSIS BRASIL";"120005";"2021";"2";"9";"1"
"AC";"ASSIS BRASIL";"120005";"2021";"4";"1";"2"
"AC";"ASSIS BRASIL";"120005";"2021";"4";"2";"2"
"AC";"ASSIS BRASIL";"120005";"2021";"4";"3";"8"
"AC";"BRASILEIA";"120010";"2010";"2";NA;"4"
"AC";"BRASILEIA";"120010";"2010";"2";"1";"1"
"AC";"BRASILEIA";"120010";"2010";"2";"2";"3"
"AC";"BRASILEIA";"120010";"2010";"4";NA;"2"
"AC";"BRASILEIA";"120010";"2011";"2";"1";"6"
"AC";"BRASILEIA";"120010";"2011";"2";"3";"1"
"AC";"BRASILEIA";"120010";"2011";"4";"1";"5"
"AC";"BRASILEIA";"120010";"2011";"4";"3";"2"
"AC";"BRASILEIA";"120010";"2012";"2";"1";"1"
"AC";"BRASILEIA";"120010";"2012";"2";"2";"3"
"AC";"BRASILEIA";"120010";"2012";"4";"1";"1"
"AC";"BRASILEIA";"120010";"2014";"2";NA;"6"
"AC";"BRASILEIA";"120010";"2014";"2";"1";"3"
"AC";"BRASILEIA";"120010";"2014";"2";"2";"1"
"AC";"BRASILEIA";"120010";"2014";"4";NA;"6"
"AC";"BRASILEIA";"120010";"2014";"4";"1";"6"
"AC";"BRASILEIA";"120010";"2015";"2";NA;"2"
"AC";"BRASILEIA";"120010";"2015";"2";"1";"2"
"AC";"BRASILEIA";"120010";"2015";"4";NA;"7"
"AC";"BRASILEIA";"120010";"2015";"4";"1";"2"
"AC";"BRASILEIA";"120010";"2015";"4";"2";"1"
"AC";"BRASILEIA";"120010";"2016";"2";"1";"17"
"AC";"BRASILEIA";"120010";"2016";"2";"2";"2"
"AC";"BRASILEIA";"120010";"2016";"2";"3";"6"
"AC";"BRASILEIA";"120010";"2016";"4";"1";"17"
"AC";"BRASILEIA";"120010";"2016";"4";"2";"3"
"AC";"BRASILEIA";"120010";"2016";"4";"3";"3"
"AC";"BRASILEIA";"120010";"2017";"2";"1";"27"
"AC";"BRASILEIA";"120010";"2017";"2";"2";"3"
"AC";"BRASILEIA";"120010";"2017";"2";"3";"6"
"AC";"BRASILEIA";"120010";"2017";"4";"1";"15"
"AC";"BRASILEIA";"120010";"2017";"4";"2";"3"
"AC";"BRASILEIA";"120010";"2017";"4";"3";"15"
"AC";"BRASILEIA";"120010";"2018";"2";"1";"19"
"AC";"BRASILEIA";"120010";"2018";"2";"2";"4"
"AC";"BRASILEIA";"120010";"2018";"2";"3";"1"
"AC";"BRASILEIA";"120010";"2018";"2";"9";"2"
"AC";"BRASILEIA";"120010";"2018";"4";"1";"14"
"AC";"BRASILEIA";"120010";"2018";"4";"2";"2"
"AC";"BRASILEIA";"120010";"2018";"4";"3";"5"
"AC";"BRASILEIA";"120010";"2019";"2";"1";"14"
"AC";"BRASILEIA";"120010";"2019";"2";"2";"1"
"AC";"BRASILEIA";"120010";"2019";"2";"3";"3"
"AC";"BRASILEIA";"120010";"2019";"4";"1";"16"
"AC";"BRASILEIA";"120010";"2019";"4";"2";"1"
"AC";"BRASILEIA";"120010";"2019";"4";"3";"13"
"AC";"BRASILEIA";"120010";"2020";"2";"1";"10"
"AC";"BRASILEIA";"120010";"2020";"2";"2";"1"
"AC";"BRASILEIA";"120010";"2020";"2";"3";"3"
"AC";"BRASILEIA";"120010";"2020";"4";"1";"10"
"AC";"BRASILEIA";"120010";"2020";"4";"2";"3"
"AC";"BRASILEIA";"120010";"2020";"4";"3";"4"
"AC";"BRASILEIA";"120010";"2021";"2";"1";"19"
"AC";"BRASILEIA";"120010";"2021";"2";"2";"4"
"AC";"BRASILEIA";"120010";"2021";"2";"3";"6"
"AC";"BRASILEIA";"120010";"2021";"2";"9";"1"
"AC";"BRASILEIA";"120010";"2021";"4";"1";"6"
"AC";"BRASILEIA";"120010";"2021";"4";"2";"3"
"AC";"BRASILEIA";"120010";"2021";"4";"3";"8"
"AC";"BUJARI";"120013";"2010";"2";NA;"1"
"AC";"BUJARI";"120013";"2010";"4";NA;"6"
"AC";"BUJARI";"120013";"2010";"4";"1";"2"
"AC";"BUJARI";"120013";"2011";"2";"1";"1"
"AC";"BUJARI";"120013";"2011";"2";"3";"2"
"AC";"BUJARI";"120013";"2011";"4";"3";"3"
"AC";"BUJARI";"120013";"2012";"2";"3";"2"
"AC";"BUJARI";"120013";"2012";"4";"3";"1"
"AC";"BUJARI";"120013";"2014";"2";NA;"5"
"AC";"BUJARI";"120013";"2014";"2";"1";"1"
"AC";"BUJARI";"120013";"2014";"4";NA;"8"
"AC";"BUJARI";"120013";"2014";"4";"1";"2"
"AC";"BUJARI";"120013";"2015";"2";NA;"7"
"AC";"BUJARI";"120013";"2015";"4";NA;"8"
"AC";"BUJARI";"120013";"2015";"4";"1";"1"
"AC";"BUJARI";"120013";"2015";"4";"9";"1"
"AC";"BUJARI";"120013";"2016";"2";"1";"1"
"AC";"BUJARI";"120013";"2016";"2";"3";"1"
"AC";"BUJARI";"120013";"2016";"2";"9";"1"
"AC";"BUJARI";"120013";"2016";"4";"3";"2"
"AC";"BUJARI";"120013";"2017";"2";"2";"1"
"AC";"BUJARI";"120013";"2017";"2";"3";"2"
"AC";"BUJARI";"120013";"2017";"4";"3";"5"
"AC";"BUJARI";"120013";"2018";"2";"1";"4"
"AC";"BUJARI";"120013";"2018";"2";"3";"7"
"AC";"BUJARI";"120013";"2018";"4";"1";"1"
"AC";"BUJARI";"120013";"2018";"4";"2";"2"
"AC";"BUJARI";"120013";"2018";"4";"3";"4"
"AC";"BUJARI";"120013";"2019";"2";"1";"13"
"AC";"BUJARI";"120013";"2019";"2";"2";"1"
"AC";"BUJARI";"120013";"2019";"2";"3";"4"
"AC";"BUJARI";"120013";"2019";"4";"1";"11"
"AC";"BUJARI";"120013";"2019";"4";"3";"11"
"AC";"BUJARI";"120013";"2020";"2";"1";"1"
"AC";"BUJARI";"120013";"2020";"2";"2";"2"
"AC";"BUJARI";"120013";"2020";"2";"3";"9"
"AC";"BUJARI";"120013";"2020";"4";"1";"1"
"AC";"BUJARI";"120013";"2020";"4";"2";"1"
"AC";"BUJARI";"120013";"2020";"4";"3";"15"
"AC";"BUJARI";"120013";"2021";"2";"1";"2"
"AC";"BUJARI";"120013";"2021";"2";"2";"3"
"AC";"BUJARI";"120013";"2021";"2";"3";"7"
"AC";"BUJARI";"120013";"2021";"4";"1";"13"
"AC";"BUJARI";"120013";"2021";"4";"3";"13"
"AC";"CAPIXABA";"120017";"2010";"2";NA;"1"
"AC";"CAPIXABA";"120017";"2010";"4";NA;"6"
"AC";"CAPIXABA";"120017";"2011";"2";"3";"2"
"AC";"CAPIXABA";"120017";"2011";"4";"3";"1"
"AC";"CAPIXABA";"120017";"2012";"2";"3";"2"
"AC";"CAPIXABA";"120017";"2012";"4";"3";"4"
"AC";"CAPIXABA";"120017";"2014";"2";NA;"5"
"AC";"CAPIXABA";"120017";"2014";"4";NA;"1"
"AC";"CAPIXABA";"120017";"2015";"2";NA;"1"
"AC";"CAPIXABA";"120017";"2015";"2";"1";"1"
"AC";"CAPIXABA";"120017";"2015";"2";"2";"1"
"AC";"CAPIXABA";"120017";"2015";"4";NA;"12"
"AC";"CAPIXABA";"120017";"2015";"4";"9";"1"
"AC";"CAPIXABA";"120017";"2016";"2";"1";"1"
"AC";"CAPIXABA";"120017";"2016";"4";"3";"7"
"AC";"CAPIXABA";"120017";"2017";"2";"3";"1"
"AC";"CAPIXABA";"120017";"2017";"4";"3";"2"
"AC";"CAPIXABA";"120017";"2018";"2";"1";"2"
"AC";"CAPIXABA";"120017";"2018";"2";"3";"4"
"AC";"CAPIXABA";"120017";"2018";"4";"1";"2"
"AC";"CAPIXABA";"120017";"2018";"4";"3";"6"
"AC";"CAPIXABA";"120017";"2019";"2";"1";"10"
"AC";"CAPIXABA";"120017";"2019";"2";"3";"2"
"AC";"CAPIXABA";"120017";"2019";"4";"1";"7"
"AC";"CAPIXABA";"120017";"2019";"4";"3";"9"
"AC";"CAPIXABA";"120017";"2020";"2";"2";"1"
"AC";"CAPIXABA";"120017";"2020";"2";"3";"6"
"AC";"CAPIXABA";"120017";"2020";"4";"1";"2"
"AC";"CAPIXABA";"120017";"2020";"4";"2";"1"
"AC";"CAPIXABA";"120017";"2020";"4";"3";"17"
"AC";"CAPIXABA";"120017";"2021";"2";"1";"11"
"AC";"CAPIXABA";"120017";"2021";"2";"2";"1"
"AC";"CAPIXABA";"120017";"2021";"2";"3";"2"
"AC";"CAPIXABA";"120017";"2021";"2";"9";"1"
"AC";"CAPIXABA";"120017";"2021";"4";"1";"4"
"AC";"CAPIXABA";"120017";"2021";"4";"3";"10"
"AC";"CRUZEIRO DO SUL";"120020";"2010";"2";NA;"9"
"AC";"CRUZEIRO DO SUL";"120020";"2010";"2";"1";"11"
"AC";"CRUZEIRO DO SUL";"120020";"2010";"2";"2";"10"
"AC";"CRUZEIRO DO SUL";"120020";"2010";"4";NA;"17"
"AC";"CRUZEIRO DO SUL";"120020";"2010";"4";"1";"11"
"AC";"CRUZEIRO DO SUL";"120020";"2010";"4";"2";"5"
"AC";"CRUZEIRO DO SUL";"120020";"2011";"2";"1";"55"
"AC";"CRUZEIRO DO SUL";"120020";"2011";"2";"2";"25"
"AC";"CRUZEIRO DO SUL";"120020";"2011";"2";"3";"46"
"AC";"CRUZEIRO DO SUL";"120020";"2011";"4";"1";"21"
"AC";"CRUZEIRO DO SUL";"120020";"2011";"4";"2";"13"
"AC";"CRUZEIRO DO SUL";"120020";"2011";"4";"3";"55"
"AC";"CRUZEIRO DO SUL";"120020";"2012";"2";"1";"95"
"AC";"CRUZEIRO DO SUL";"120020";"2012";"2";"2";"51"
"AC";"CRUZEIRO DO SUL";"120020";"2012";"2";"3";"38"
"AC";"CRUZEIRO DO SUL";"120020";"2012";"4";"1";"36"
"AC";"CRUZEIRO DO SUL";"120020";"2012";"4";"2";"19"
"AC";"CRUZEIRO DO SUL";"120020";"2012";"4";"3";"34"
"AC";"CRUZEIRO DO SUL";"120020";"2014";"2";NA;"28"
"AC";"CRUZEIRO DO SUL";"120020";"2014";"2";"1";"17"
"AC";"CRUZEIRO DO SUL";"120020";"2014";"2";"2";"39"
"AC";"CRUZEIRO DO SUL";"120020";"2014";"4";NA;"27"
"AC";"CRUZEIRO DO SUL";"120020";"2014";"4";"1";"10"
"AC";"CRUZEIRO DO SUL";"120020";"2014";"4";"2";"21"
"AC";"CRUZEIRO DO SUL";"120020";"2015";"2";NA;"47"
"AC";"CRUZEIRO DO SUL";"120020";"2015";"2";"1";"15"
"AC";"CRUZEIRO DO SUL";"120020";"2015";"2";"2";"25"
"AC";"CRUZEIRO DO SUL";"120020";"2015";"2";"9";"8"
"AC";"CRUZEIRO DO SUL";"120020";"2015";"4";NA;"79"
"AC";"CRUZEIRO DO SUL";"120020";"2015";"4";"1";"15"
"AC";"CRUZEIRO DO SUL";"120020";"2015";"4";"2";"22"
"AC";"CRUZEIRO DO SUL";"120020";"2015";"4";"9";"3"
"AC";"CRUZEIRO DO SUL";"120020";"2016";"2";"1";"27"
"AC";"CRUZEIRO DO SUL";"120020";"2016";"2";"2";"21"
"AC";"CRUZEIRO DO SUL";"120020";"2016";"2";"3";"26"
"AC";"CRUZEIRO DO SUL";"120020";"2016";"4";"1";"12"
"AC";"CRUZEIRO DO SUL";"120020";"2016";"4";"2";"11"
"AC";"CRUZEIRO DO SUL";"120020";"2016";"4";"3";"33"
"AC";"CRUZEIRO DO SUL";"120020";"2017";"2";"1";"13"
"AC";"CRUZEIRO DO SUL";"120020";"2017";"2";"2";"7"
"AC";"CRUZEIRO DO SUL";"120020";"2017";"2";"3";"17"
"AC";"CRUZEIRO DO SUL";"120020";"2017";"4";"1";"2"
"AC";"CRUZEIRO DO SUL";"120020";"2017";"4";"2";"8"
"AC";"CRUZEIRO DO SUL";"120020";"2017";"4";"3";"25"
"AC";"CRUZEIRO DO SUL";"120020";"2018";"2";NA;"1"
"AC";"CRUZEIRO DO SUL";"120020";"2018";"2";"1";"19"
"AC";"CRUZEIRO DO SUL";"120020";"2018";"2";"2";"61"
"AC";"CRUZEIRO DO SUL";"120020";"2018";"2";"3";"59"
"AC";"CRUZEIRO DO SUL";"120020";"2018";"4";"1";"9"
"AC";"CRUZEIRO DO SUL";"120020";"2018";"4";"2";"28"
"AC";"CRUZEIRO DO SUL";"120020";"2018";"4";"3";"76"
"AC";"CRUZEIRO DO SUL";"120020";"2018";"4";"9";"1"
"AC";"CRUZEIRO DO SUL";"120020";"2019";"2";"1";"43"
"AC";"CRUZEIRO DO SUL";"120020";"2019";"2";"2";"54"
"AC";"CRUZEIRO DO SUL";"120020";"2019";"2";"3";"48"
"AC";"CRUZEIRO DO SUL";"120020";"2019";"4";"1";"19"
"AC";"CRUZEIRO DO SUL";"120020";"2019";"4";"2";"43"
"AC";"CRUZEIRO DO SUL";"120020";"2019";"4";"3";"67"
"AC";"CRUZEIRO DO SUL";"120020";"2020";"2";"1";"23"
"AC";"CRUZEIRO DO SUL";"120020";"2020";"2";"2";"45"
"AC";"CRUZEIRO DO SUL";"120020";"2020";"2";"3";"48"
"AC";"CRUZEIRO DO SUL";"120020";"2020";"4";"1";"17"
"AC";"CRUZEIRO DO SUL";"120020";"2020";"4";"2";"41"
"AC";"CRUZEIRO DO SUL";"120020";"2020";"4";"3";"67"
"AC";"CRUZEIRO DO SUL";"120020";"2021";"2";"1";"106"
"AC";"CRUZEIRO DO SUL";"120020";"2021";"2";"2";"23"
"AC";"CRUZEIRO DO SUL";"120020";"2021";"2";"3";"36"
"AC";"CRUZEIRO DO SUL";"120020";"2021";"4";"1";"70"
"AC";"CRUZEIRO DO SUL";"120020";"2021";"4";"2";"13"
"AC";"CRUZEIRO DO SUL";"120020";"2021";"4";"3";"70"
"AC";"EPITACIOLANDIA";"120025";"2010";"2";NA;"1"
"AC";"EPITACIOLANDIA";"120025";"2010";"2";"1";"1"
"AC";"EPITACIOLANDIA";"120025";"2010";"4";NA;"2"
"AC";"EPITACIOLANDIA";"120025";"2010";"4";"2";"1"
"AC";"EPITACIOLANDIA";"120025";"2011";"2";"1";"1"
"AC";"EPITACIOLANDIA";"120025";"2011";"2";"3";"1"
"AC";"EPITACIOLANDIA";"120025";"2011";"4";"1";"2"
"AC";"EPITACIOLANDIA";"120025";"2014";"2";NA;"3"
"AC";"EPITACIOLANDIA";"120025";"2014";"4";NA;"7"
"AC";"EPITACIOLANDIA";"120025";"2014";"4";"1";"1"
"AC";"EPITACIOLANDIA";"120025";"2014";"4";"2";"1"
"AC";"EPITACIOLANDIA";"120025";"2015";"2";NA;"1"
"AC";"EPITACIOLANDIA";"120025";"2015";"2";"1";"1"
"AC";"EPITACIOLANDIA";"120025";"2015";"2";"2";"1"
"AC";"EPITACIOLANDIA";"120025";"2015";"4";NA;"6"
"AC";"EPITACIOLANDIA";"120025";"2015";"4";"1";"1"
"AC";"EPITACIOLANDIA";"120025";"2015";"4";"2";"1"
"AC";"EPITACIOLANDIA";"120025";"2016";"2";"1";"10"
"AC";"EPITACIOLANDIA";"120025";"2016";"2";"2";"1"
"AC";"EPITACIOLANDIA";"120025";"2016";"2";"3";"2"
"AC";"EPITACIOLANDIA";"120025";"2016";"4";"1";"10"
"AC";"EPITACIOLANDIA";"120025";"2016";"4";"2";"3"
"AC";"EPITACIOLANDIA";"120025";"2016";"4";"3";"4"
"AC";"EPITACIOLANDIA";"120025";"2017";"2";"1";"6"
"AC";"EPITACIOLANDIA";"120025";"2017";"2";"3";"1"
"AC";"EPITACIOLANDIA";"120025";"2017";"4";"1";"5"
"AC";"EPITACIOLANDIA";"120025";"2017";"4";"2";"1"
"AC";"EPITACIOLANDIA";"120025";"2017";"4";"3";"9"
"AC";"EPITACIOLANDIA";"120025";"2018";"2";"1";"5"
"AC";"EPITACIOLANDIA";"120025";"2018";"2";"2";"1"
"AC";"EPITACIOLANDIA";"120025";"2018";"2";"3";"3"
"AC";"EPITACIOLANDIA";"120025";"2018";"4";"1";"6"
"AC";"EPITACIOLANDIA";"120025";"2018";"4";"2";"2"
"AC";"EPITACIOLANDIA";"120025";"2018";"4";"3";"4"
"AC";"EPITACIOLANDIA";"120025";"2019";"2";"1";"9"
"AC";"EPITACIOLANDIA";"120025";"2019";"2";"2";"1"
"AC";"EPITACIOLANDIA";"120025";"2019";"2";"3";"2"
"AC";"EPITACIOLANDIA";"120025";"2019";"4";"1";"8"
"AC";"EPITACIOLANDIA";"120025";"2019";"4";"2";"2"
"AC";"EPITACIOLANDIA";"120025";"2019";"4";"3";"6"
"AC";"EPITACIOLANDIA";"120025";"2020";"2";"1";"8"
"AC";"EPITACIOLANDIA";"120025";"2020";"2";"2";"2"
"AC";"EPITACIOLANDIA";"120025";"2020";"2";"3";"1"
"AC";"EPITACIOLANDIA";"120025";"2020";"4";"1";"8"
"AC";"EPITACIOLANDIA";"120025";"2020";"4";"2";"1"
"AC";"EPITACIOLANDIA";"120025";"2020";"4";"3";"3"
"AC";"EPITACIOLANDIA";"120025";"2021";"2";"1";"11"
"AC";"EPITACIOLANDIA";"120025";"2021";"2";"2";"1"
"AC";"EPITACIOLANDIA";"120025";"2021";"2";"3";"1"
"AC";"EPITACIOLANDIA";"120025";"2021";"4";"1";"5"
"AC";"EPITACIOLANDIA";"120025";"2021";"4";"2";"4"
"AC";"EPITACIOLANDIA";"120025";"2021";"4";"3";"4"
"AC";"FEIJO";"120030";"2010";"2";"1";"1"
"AC";"FEIJO";"120030";"2011";"2";"2";"1"
"AC";"FEIJO";"120030";"2011";"2";"3";"1"
"AC";"FEIJO";"120030";"2011";"4";"2";"1"
"AC";"FEIJO";"120030";"2011";"4";"3";"1"
"AC";"FEIJO";"120030";"2012";"2";"3";"3"
"AC";"FEIJO";"120030";"2012";"2";"9";"2"
"AC";"FEIJO";"120030";"2012";"4";"3";"10"
"AC";"FEIJO";"120030";"2012";"4";"9";"1"
"AC";"FEIJO";"120030";"2014";"2";NA;"6"
"AC";"FEIJO";"120030";"2014";"2";"3";"3"
"AC";"FEIJO";"120030";"2014";"4";NA;"6"
"AC";"FEIJO";"120030";"2014";"4";"1";"1"
"AC";"FEIJO";"120030";"2014";"4";"2";"1"
"AC";"FEIJO";"120030";"2014";"4";"3";"1"
"AC";"FEIJO";"120030";"2015";"2";NA;"7"
"AC";"FEIJO";"120030";"2015";"2";"1";"1"
"AC";"FEIJO";"120030";"2015";"2";"9";"6"
"AC";"FEIJO";"120030";"2015";"4";NA;"19"
"AC";"FEIJO";"120030";"2015";"4";"3";"1"
"AC";"FEIJO";"120030";"2015";"4";"9";"5"
"AC";"FEIJO";"120030";"2016";"2";"1";"3"
"AC";"FEIJO";"120030";"2016";"2";"2";"2"
"AC";"FEIJO";"120030";"2016";"2";"3";"1"
"AC";"FEIJO";"120030";"2016";"2";"9";"2"
"AC";"FEIJO";"120030";"2016";"4";"1";"3"
"AC";"FEIJO";"120030";"2016";"4";"2";"1"
"AC";"FEIJO";"120030";"2016";"4";"3";"10"
"AC";"FEIJO";"120030";"2016";"4";"9";"1"
"AC";"FEIJO";"120030";"2017";"2";"1";"3"
"AC";"FEIJO";"120030";"2017";"2";"2";"4"
"AC";"FEIJO";"120030";"2017";"2";"3";"12"
"AC";"FEIJO";"120030";"2017";"4";"1";"6"
"AC";"FEIJO";"120030";"2017";"4";"2";"2"
"AC";"FEIJO";"120030";"2017";"4";"3";"54"
"AC";"FEIJO";"120030";"2018";"2";"1";"12"
"AC";"FEIJO";"120030";"2018";"2";"2";"4"
"AC";"FEIJO";"120030";"2018";"2";"3";"18"
"AC";"FEIJO";"120030";"2018";"4";"1";"9"
"AC";"FEIJO";"120030";"2018";"4";"2";"2"
"AC";"FEIJO";"120030";"2018";"4";"3";"19"
"AC";"FEIJO";"120030";"2019";"2";"1";"8"
"AC";"FEIJO";"120030";"2019";"2";"3";"10"
"AC";"FEIJO";"120030";"2019";"4";"1";"11"
"AC";"FEIJO";"120030";"2019";"4";"2";"3"
"AC";"FEIJO";"120030";"2019";"4";"3";"6"
"AC";"FEIJO";"120030";"2020";"2";"1";"6"
"AC";"FEIJO";"120030";"2020";"2";"2";"1"
"AC";"FEIJO";"120030";"2020";"2";"3";"3"
"AC";"FEIJO";"120030";"2020";"4";"1";"14"
"AC";"FEIJO";"120030";"2020";"4";"2";"1"
"AC";"FEIJO";"120030";"2020";"4";"3";"7"
"AC";"FEIJO";"120030";"2021";"2";"1";"19"
"AC";"FEIJO";"120030";"2021";"2";"3";"9"
"AC";"FEIJO";"120030";"2021";"4";"1";"16"
"AC";"FEIJO";"120030";"2021";"4";"2";"1"
"AC";"FEIJO";"120030";"2021";"4";"3";"10"
"AC";"JORDAO";"120032";"2010";"2";"2";"1"
"AC";"JORDAO";"120032";"2010";"4";"2";"1"
"AC";"JORDAO";"120032";"2011";"2";"3";"3"
"AC";"JORDAO";"120032";"2011";"4";"3";"9"
"AC";"JORDAO";"120032";"2012";"4";"3";"11"
"AC";"JORDAO";"120032";"2014";"2";NA;"6"
"AC";"JORDAO";"120032";"2014";"2";"3";"1"
"AC";"JORDAO";"120032";"2014";"4";NA;"13"
"AC";"JORDAO";"120032";"2014";"4";"3";"3"
"AC";"JORDAO";"120032";"2015";"2";NA;"6"
"AC";"JORDAO";"120032";"2015";"4";NA;"7"
"AC";"JORDAO";"120032";"2016";"2";"3";"2"
"AC";"JORDAO";"120032";"2016";"4";"3";"3"
"AC";"JORDAO";"120032";"2017";"2";"3";"4"
"AC";"JORDAO";"120032";"2017";"2";"9";"1"
"AC";"JORDAO";"120032";"2017";"4";"2";"1"
"AC";"JORDAO";"120032";"2017";"4";"3";"5"
"AC";"JORDAO";"120032";"2018";"2";"1";"2"
"AC";"JORDAO";"120032";"2018";"2";"3";"1"
"AC";"JORDAO";"120032";"2018";"4";"1";"1"
"AC";"JORDAO";"120032";"2018";"4";"3";"4"
"AC";"JORDAO";"120032";"2019";"2";"1";"2"
"AC";"JORDAO";"120032";"2019";"2";"3";"2"
"AC";"JORDAO";"120032";"2019";"4";"1";"1"
"AC";"JORDAO";"120032";"2019";"4";"3";"2"
"AC";"JORDAO";"120032";"2020";"2";"3";"1"
"AC";"JORDAO";"120032";"2020";"4";"3";"2"
"AC";"JORDAO";"120032";"2021";"2";"1";"1"
"AC";"JORDAO";"120032";"2021";"2";"3";"6"
"AC";"JORDAO";"120032";"2021";"4";"1";"2"
"AC";"JORDAO";"120032";"2021";"4";"3";"8"
"AC";"MANCIO LIMA";"120033";"2010";"2";NA;"1"
"AC";"MANCIO LIMA";"120033";"2010";"2";"2";"1"
"AC";"MANCIO LIMA";"120033";"2010";"4";NA;"5"
"AC";"MANCIO LIMA";"120033";"2010";"4";"1";"1"
"AC";"MANCIO LIMA";"120033";"2011";"2";"1";"9"
"AC";"MANCIO LIMA";"120033";"2011";"2";"2";"6"
"AC";"MANCIO LIMA";"120033";"2011";"2";"3";"5"
"AC";"MANCIO LIMA";"120033";"2011";"4";"1";"6"
"AC";"MANCIO LIMA";"120033";"2011";"4";"2";"2"
"AC";"MANCIO LIMA";"120033";"2011";"4";"3";"11"
"AC";"MANCIO LIMA";"120033";"2012";"2";"1";"10"
"AC";"MANCIO LIMA";"120033";"2012";"2";"2";"8"
"AC";"MANCIO LIMA";"120033";"2012";"2";"3";"6"
"AC";"MANCIO LIMA";"120033";"2012";"4";"1";"14"
"AC";"MANCIO LIMA";"120033";"2012";"4";"2";"8"
"AC";"MANCIO LIMA";"120033";"2012";"4";"3";"5"
"AC";"MANCIO LIMA";"120033";"2014";"2";NA;"6"
"AC";"MANCIO LIMA";"120033";"2014";"2";"1";"7"
"AC";"MANCIO LIMA";"120033";"2014";"2";"2";"8"
"AC";"MANCIO LIMA";"120033";"2014";"4";NA;"2"
"AC";"MANCIO LIMA";"120033";"2014";"4";"1";"1"
"AC";"MANCIO LIMA";"120033";"2014";"4";"2";"2"
"AC";"MANCIO LIMA";"120033";"2015";"2";NA;"12"
"AC";"MANCIO LIMA";"120033";"2015";"2";"2";"7"
"AC";"MANCIO LIMA";"120033";"2015";"2";"9";"2"
"AC";"MANCIO LIMA";"120033";"2015";"4";NA;"6"
"AC";"MANCIO LIMA";"120033";"2015";"4";"1";"2"
"AC";"MANCIO LIMA";"120033";"2015";"4";"2";"4"
"AC";"MANCIO LIMA";"120033";"2015";"4";"9";"2"
"AC";"MANCIO LIMA";"120033";"2016";"2";"1";"2"
"AC";"MANCIO LIMA";"120033";"2016";"2";"2";"1"
"AC";"MANCIO LIMA";"120033";"2016";"2";"3";"4"
"AC";"MANCIO LIMA";"120033";"2016";"4";"1";"4"
"AC";"MANCIO LIMA";"120033";"2016";"4";"2";"4"
"AC";"MANCIO LIMA";"120033";"2016";"4";"3";"9"
"AC";"MANCIO LIMA";"120033";"2017";"2";"2";"2"
"AC";"MANCIO LIMA";"120033";"2017";"2";"3";"6"
"AC";"MANCIO LIMA";"120033";"2017";"4";"1";"4"
"AC";"MANCIO LIMA";"120033";"2017";"4";"2";"3"
"AC";"MANCIO LIMA";"120033";"2017";"4";"3";"6"
"AC";"MANCIO LIMA";"120033";"2018";"2";"1";"4"
"AC";"MANCIO LIMA";"120033";"2018";"2";"2";"17"
"AC";"MANCIO LIMA";"120033";"2018";"2";"3";"13"
"AC";"MANCIO LIMA";"120033";"2018";"4";"1";"6"
"AC";"MANCIO LIMA";"120033";"2018";"4";"2";"9"
"AC";"MANCIO LIMA";"120033";"2018";"4";"3";"16"
"AC";"MANCIO LIMA";"120033";"2019";"2";"1";"5"
"AC";"MANCIO LIMA";"120033";"2019";"2";"2";"14"
"AC";"MANCIO LIMA";"120033";"2019";"2";"3";"8"
"AC";"MANCIO LIMA";"120033";"2019";"4";"1";"3"
"AC";"MANCIO LIMA";"120033";"2019";"4";"2";"10"
"AC";"MANCIO LIMA";"120033";"2019";"4";"3";"11"
"AC";"MANCIO LIMA";"120033";"2020";"2";"1";"5"
"AC";"MANCIO LIMA";"120033";"2020";"2";"2";"8"
"AC";"MANCIO LIMA";"120033";"2020";"2";"3";"3"
"AC";"MANCIO LIMA";"120033";"2020";"4";"1";"3"
"AC";"MANCIO LIMA";"120033";"2020";"4";"2";"8"
"AC";"MANCIO LIMA";"120033";"2020";"4";"3";"18"
"AC";"MANCIO LIMA";"120033";"2021";"2";"1";"27"
"AC";"MANCIO LIMA";"120033";"2021";"2";"2";"8"
"AC";"MANCIO LIMA";"120033";"2021";"2";"3";"5"
"AC";"MANCIO LIMA";"120033";"2021";"4";"1";"13"
"AC";"MANCIO LIMA";"120033";"2021";"4";"2";"3"
"AC";"MANCIO LIMA";"120033";"2021";"4";"3";"12"
"AC";"MANOEL URBANO";"120034";"2010";"2";"2";"1"
"AC";"MANOEL URBANO";"120034";"2011";"2";"3";"3"
"AC";"MANOEL URBANO";"120034";"2011";"4";"3";"3"
"AC";"MANOEL URBANO";"120034";"2012";"2";"3";"7"
"AC";"MANOEL URBANO";"120034";"2012";"4";"3";"5"
"AC";"MANOEL URBANO";"120034";"2014";"2";NA;"2"
"AC";"MANOEL URBANO";"120034";"2014";"2";"2";"1"
"AC";"MANOEL URBANO";"120034";"2014";"4";NA;"8"
"AC";"MANOEL URBANO";"120034";"2015";"2";NA;"2"
"AC";"MANOEL URBANO";"120034";"2015";"2";"1";"1"
"AC";"MANOEL URBANO";"120034";"2015";"4";NA;"1"
"AC";"MANOEL URBANO";"120034";"2016";"2";"1";"2"
"AC";"MANOEL URBANO";"120034";"2016";"2";"3";"1"
"AC";"MANOEL URBANO";"120034";"2016";"4";"3";"2"
"AC";"MANOEL URBANO";"120034";"2017";"4";"3";"1"
"AC";"MANOEL URBANO";"120034";"2018";"2";"1";"4"
"AC";"MANOEL URBANO";"120034";"2018";"4";"3";"5"
"AC";"MANOEL URBANO";"120034";"2019";"2";"1";"6"
"AC";"MANOEL URBANO";"120034";"2019";"2";"2";"1"
"AC";"MANOEL URBANO";"120034";"2019";"2";"3";"4"
"AC";"MANOEL URBANO";"120034";"2019";"4";"1";"4"
"AC";"MANOEL URBANO";"120034";"2019";"4";"3";"5"
"AC";"MANOEL URBANO";"120034";"2020";"2";"1";"2"
"AC";"MANOEL URBANO";"120034";"2020";"2";"2";"1"
"AC";"MANOEL URBANO";"120034";"2020";"2";"3";"6"
"AC";"MANOEL URBANO";"120034";"2020";"4";"1";"1"
"AC";"MANOEL URBANO";"120034";"2020";"4";"3";"13"
"AC";"MANOEL URBANO";"120034";"2021";"2";"1";"7"
"AC";"MANOEL URBANO";"120034";"2021";"2";"2";"1"
"AC";"MANOEL URBANO";"120034";"2021";"2";"3";"5"
"AC";"MANOEL URBANO";"120034";"2021";"4";"1";"2"
"AC";"MANOEL URBANO";"120034";"2021";"4";"3";"10"
"AC";"MARECHAL THAUMATURGO";"120035";"2010";"4";"1";"1"
"AC";"MARECHAL THAUMATURGO";"120035";"2011";"2";"1";"5"
"AC";"MARECHAL THAUMATURGO";"120035";"2011";"2";"2";"3"
"AC";"MARECHAL THAUMATURGO";"120035";"2011";"2";"3";"2"
"AC";"MARECHAL THAUMATURGO";"120035";"2011";"4";"1";"1"
"AC";"MARECHAL THAUMATURGO";"120035";"2011";"4";"2";"2"
"AC";"MARECHAL THAUMATURGO";"120035";"2011";"4";"3";"4"
"AC";"MARECHAL THAUMATURGO";"120035";"2012";"2";"1";"6"
"AC";"MARECHAL THAUMATURGO";"120035";"2012";"2";"2";"4"
"AC";"MARECHAL THAUMATURGO";"120035";"2012";"2";"3";"3"
"AC";"MARECHAL THAUMATURGO";"120035";"2012";"4";"1";"5"
"AC";"MARECHAL THAUMATURGO";"120035";"2012";"4";"2";"1"
"AC";"MARECHAL THAUMATURGO";"120035";"2012";"4";"3";"6"
"AC";"MARECHAL THAUMATURGO";"120035";"2014";"2";NA;"6"
"AC";"MARECHAL THAUMATURGO";"120035";"2014";"2";"1";"1"
"AC";"MARECHAL THAUMATURGO";"120035";"2014";"2";"2";"5"
"AC";"MARECHAL THAUMATURGO";"120035";"2014";"4";NA;"12"
"AC";"MARECHAL THAUMATURGO";"120035";"2014";"4";"1";"1"
"AC";"MARECHAL THAUMATURGO";"120035";"2015";"2";NA;"7"
"AC";"MARECHAL THAUMATURGO";"120035";"2015";"2";"1";"2"
"AC";"MARECHAL THAUMATURGO";"120035";"2015";"2";"2";"2"
"AC";"MARECHAL THAUMATURGO";"120035";"2015";"2";"9";"1"
"AC";"MARECHAL THAUMATURGO";"120035";"2015";"4";NA;"9"
"AC";"MARECHAL THAUMATURGO";"120035";"2015";"4";"1";"1"
"AC";"MARECHAL THAUMATURGO";"120035";"2015";"4";"2";"3"
"AC";"MARECHAL THAUMATURGO";"120035";"2016";"2";"2";"5"
"AC";"MARECHAL THAUMATURGO";"120035";"2016";"4";"1";"1"
"AC";"MARECHAL THAUMATURGO";"120035";"2016";"4";"2";"2"
"AC";"MARECHAL THAUMATURGO";"120035";"2016";"4";"3";"5"
"AC";"MARECHAL THAUMATURGO";"120035";"2017";"2";"1";"2"
"AC";"MARECHAL THAUMATURGO";"120035";"2017";"2";"2";"2"
"AC";"MARECHAL THAUMATURGO";"120035";"2017";"4";"1";"1"
"AC";"MARECHAL THAUMATURGO";"120035";"2017";"4";"2";"2"
"AC";"MARECHAL THAUMATURGO";"120035";"2017";"4";"3";"5"
"AC";"MARECHAL THAUMATURGO";"120035";"2018";"2";"1";"4"
"AC";"MARECHAL THAUMATURGO";"120035";"2018";"2";"2";"7"
"AC";"MARECHAL THAUMATURGO";"120035";"2018";"2";"3";"4"
"AC";"MARECHAL THAUMATURGO";"120035";"2018";"4";"1";"1"
"AC";"MARECHAL THAUMATURGO";"120035";"2018";"4";"2";"4"
"AC";"MARECHAL THAUMATURGO";"120035";"2018";"4";"3";"8"
"AC";"MARECHAL THAUMATURGO";"120035";"2019";"2";"1";"4"
"AC";"MARECHAL THAUMATURGO";"120035";"2019";"2";"2";"7"
"AC";"MARECHAL THAUMATURGO";"120035";"2019";"2";"3";"13"
"AC";"MARECHAL THAUMATURGO";"120035";"2019";"4";"1";"4"
"AC";"MARECHAL THAUMATURGO";"120035";"2019";"4";"2";"5"
"AC";"MARECHAL THAUMATURGO";"120035";"2019";"4";"3";"6"
"AC";"MARECHAL THAUMATURGO";"120035";"2020";"2";"1";"3"
"AC";"MARECHAL THAUMATURGO";"120035";"2020";"2";"2";"2"
"AC";"MARECHAL THAUMATURGO";"120035";"2020";"2";"3";"5"
"AC";"MARECHAL THAUMATURGO";"120035";"2020";"4";"2";"3"
"AC";"MARECHAL THAUMATURGO";"120035";"2020";"4";"3";"2"
"AC";"MARECHAL THAUMATURGO";"120035";"2021";"2";"1";"15"
"AC";"MARECHAL THAUMATURGO";"120035";"2021";"2";"2";"4"
"AC";"MARECHAL THAUMATURGO";"120035";"2021";"2";"3";"9"
"AC";"MARECHAL THAUMATURGO";"120035";"2021";"4";"1";"11"
"AC";"MARECHAL THAUMATURGO";"120035";"2021";"4";"3";"9"
"AC";"PLACIDO DE CASTRO";"120038";"2010";"4";NA;"8"
"AC";"PLACIDO DE CASTRO";"120038";"2011";"2";"1";"1"
"AC";"PLACIDO DE CASTRO";"120038";"2011";"4";"1";"1"
"AC";"PLACIDO DE CASTRO";"120038";"2011";"4";"3";"6"
"AC";"PLACIDO DE CASTRO";"120038";"2012";"2";"2";"1"
"AC";"PLACIDO DE CASTRO";"120038";"2012";"2";"3";"11"
"AC";"PLACIDO DE CASTRO";"120038";"2012";"4";"3";"4"
"AC";"PLACIDO DE CASTRO";"120038";"2014";"2";NA;"3"
"AC";"PLACIDO DE CASTRO";"120038";"2014";"2";"1";"1"
"AC";"PLACIDO DE CASTRO";"120038";"2014";"4";NA;"5"
"AC";"PLACIDO DE CASTRO";"120038";"2014";"4";"1";"1"
"AC";"PLACIDO DE CASTRO";"120038";"2015";"2";NA;"10"
"AC";"PLACIDO DE CASTRO";"120038";"2015";"2";"2";"1"
"AC";"PLACIDO DE CASTRO";"120038";"2015";"4";NA;"9"
"AC";"PLACIDO DE CASTRO";"120038";"2016";"2";"1";"2"
"AC";"PLACIDO DE CASTRO";"120038";"2016";"2";"2";"1"
"AC";"PLACIDO DE CASTRO";"120038";"2016";"2";"3";"1"
"AC";"PLACIDO DE CASTRO";"120038";"2016";"4";"1";"1"
"AC";"PLACIDO DE CASTRO";"120038";"2016";"4";"3";"10"
"AC";"PLACIDO DE CASTRO";"120038";"2017";"4";"3";"4"
"AC";"PLACIDO DE CASTRO";"120038";"2018";"2";"1";"3"
"AC";"PLACIDO DE CASTRO";"120038";"2018";"2";"3";"3"
"AC";"PLACIDO DE CASTRO";"120038";"2018";"4";"1";"4"
"AC";"PLACIDO DE CASTRO";"120038";"2018";"4";"3";"6"
"AC";"PLACIDO DE CASTRO";"120038";"2019";"2";"1";"21"
"AC";"PLACIDO DE CASTRO";"120038";"2019";"2";"3";"4"
"AC";"PLACIDO DE CASTRO";"120038";"2019";"4";NA;"1"
"AC";"PLACIDO DE CASTRO";"120038";"2019";"4";"1";"6"
"AC";"PLACIDO DE CASTRO";"120038";"2019";"4";"3";"13"
"AC";"PLACIDO DE CASTRO";"120038";"2020";"2";"1";"5"
"AC";"PLACIDO DE CASTRO";"120038";"2020";"2";"2";"1"
"AC";"PLACIDO DE CASTRO";"120038";"2020";"2";"3";"11"
"AC";"PLACIDO DE CASTRO";"120038";"2020";"2";"9";"1"
"AC";"PLACIDO DE CASTRO";"120038";"2020";"4";"1";"4"
"AC";"PLACIDO DE CASTRO";"120038";"2020";"4";"2";"2"
"AC";"PLACIDO DE CASTRO";"120038";"2020";"4";"3";"21"
"AC";"PLACIDO DE CASTRO";"120038";"2021";"2";"1";"16"
"AC";"PLACIDO DE CASTRO";"120038";"2021";"2";"3";"3"
"AC";"PLACIDO DE CASTRO";"120038";"2021";"2";"9";"1"
"AC";"PLACIDO DE CASTRO";"120038";"2021";"4";"1";"3"
"AC";"PLACIDO DE CASTRO";"120038";"2021";"4";"2";"1"
"AC";"PLACIDO DE CASTRO";"120038";"2021";"4";"3";"8"
"AC";"PLACIDO DE CASTRO";"120038";"2021";"4";"9";"2"
"AC";"PORTO ACRE";"120080";"2010";"2";NA;"2"
"AC";"PORTO ACRE";"120080";"2010";"2";"1";"1"
"AC";"PORTO ACRE";"120080";"2010";"4";NA;"3"
"AC";"PORTO ACRE";"120080";"2011";"2";"1";"2"
"AC";"PORTO ACRE";"120080";"2011";"2";"2";"1"
"AC";"PORTO ACRE";"120080";"2011";"2";"3";"1"
"AC";"PORTO ACRE";"120080";"2011";"4";"3";"3"
"AC";"PORTO ACRE";"120080";"2012";"2";"3";"2"
"AC";"PORTO ACRE";"120080";"2012";"4";"3";"6"
"AC";"PORTO ACRE";"120080";"2014";"2";NA;"5"
"AC";"PORTO ACRE";"120080";"2014";"4";NA;"6"
"AC";"PORTO ACRE";"120080";"2014";"4";"1";"1"
"AC";"PORTO ACRE";"120080";"2015";"2";NA;"4"
"AC";"PORTO ACRE";"120080";"2015";"2";"1";"2"
"AC";"PORTO ACRE";"120080";"2015";"2";"2";"2"
"AC";"PORTO ACRE";"120080";"2015";"4";NA;"20"
"AC";"PORTO ACRE";"120080";"2015";"4";"2";"1"
"AC";"PORTO ACRE";"120080";"2015";"4";"9";"1"
"AC";"PORTO ACRE";"120080";"2016";"2";"1";"2"
"AC";"PORTO ACRE";"120080";"2016";"2";"2";"1"
"AC";"PORTO ACRE";"120080";"2016";"2";"3";"3"
"AC";"PORTO ACRE";"120080";"2016";"4";"1";"1"
"AC";"PORTO ACRE";"120080";"2016";"4";"3";"14"
"AC";"PORTO ACRE";"120080";"2017";"2";"1";"2"
"AC";"PORTO ACRE";"120080";"2017";"2";"2";"2"
"AC";"PORTO ACRE";"120080";"2017";"4";"3";"2"
"AC";"PORTO ACRE";"120080";"2018";"2";"1";"9"
"AC";"PORTO ACRE";"120080";"2018";"2";"2";"1"
"AC";"PORTO ACRE";"120080";"2018";"2";"3";"4"
"AC";"PORTO ACRE";"120080";"2018";"4";"1";"5"
"AC";"PORTO ACRE";"120080";"2018";"4";"2";"1"
"AC";"PORTO ACRE";"120080";"2018";"4";"3";"2"
"AC";"PORTO ACRE";"120080";"2019";"2";"1";"13"
"AC";"PORTO ACRE";"120080";"2019";"2";"2";"2"
"AC";"PORTO ACRE";"120080";"2019";"2";"3";"8"
"AC";"PORTO ACRE";"120080";"2019";"4";"1";"7"
"AC";"PORTO ACRE";"120080";"2019";"4";"2";"1"
"AC";"PORTO ACRE";"120080";"2019";"4";"3";"11"
"AC";"PORTO ACRE";"120080";"2020";"2";"1";"3"
"AC";"PORTO ACRE";"120080";"2020";"2";"2";"3"
"AC";"PORTO ACRE";"120080";"2020";"2";"3";"15"
"AC";"PORTO ACRE";"120080";"2020";"2";"9";"1"
"AC";"PORTO ACRE";"120080";"2020";"4";"1";"3"
"AC";"PORTO ACRE";"120080";"2020";"4";"2";"3"
"AC";"PORTO ACRE";"120080";"2020";"4";"3";"22"
"AC";"PORTO ACRE";"120080";"2021";"2";"1";"14"
"AC";"PORTO ACRE";"120080";"2021";"2";"2";"2"
"AC";"PORTO ACRE";"120080";"2021";"2";"3";"7"
"AC";"PORTO ACRE";"120080";"2021";"2";"9";"1"
"AC";"PORTO ACRE";"120080";"2021";"4";"1";"5"
"AC";"PORTO ACRE";"120080";"2021";"4";"3";"13"
"AC";"PORTO WALTER";"120039";"2010";"2";NA;"2"
"AC";"PORTO WALTER";"120039";"2010";"2";"1";"2"
"AC";"PORTO WALTER";"120039";"2010";"4";NA;"1"
"AC";"PORTO WALTER";"120039";"2011";"2";"1";"2"
"AC";"PORTO WALTER";"120039";"2011";"2";"2";"2"
"AC";"PORTO WALTER";"120039";"2011";"2";"3";"3"
"AC";"PORTO WALTER";"120039";"2011";"4";"1";"1"
"AC";"PORTO WALTER";"120039";"2011";"4";"2";"1"
"AC";"PORTO WALTER";"120039";"2011";"4";"3";"4"
"AC";"PORTO WALTER";"120039";"2012";"2";"1";"3"
"AC";"PORTO WALTER";"120039";"2012";"2";"2";"3"
"AC";"PORTO WALTER";"120039";"2012";"2";"3";"3"
"AC";"PORTO WALTER";"120039";"2012";"4";"1";"5"
"AC";"PORTO WALTER";"120039";"2012";"4";"2";"3"
"AC";"PORTO WALTER";"120039";"2012";"4";"3";"6"
"AC";"PORTO WALTER";"120039";"2014";"2";NA;"2"
"AC";"PORTO WALTER";"120039";"2014";"2";"2";"2"
"AC";"PORTO WALTER";"120039";"2014";"4";NA;"6"
"AC";"PORTO WALTER";"120039";"2014";"4";"1";"1"
"AC";"PORTO WALTER";"120039";"2014";"4";"2";"1"
"AC";"PORTO WALTER";"120039";"2015";"2";NA;"5"
"AC";"PORTO WALTER";"120039";"2015";"2";"1";"2"
"AC";"PORTO WALTER";"120039";"2015";"2";"2";"1"
"AC";"PORTO WALTER";"120039";"2015";"4";NA;"8"
"AC";"PORTO WALTER";"120039";"2015";"4";"2";"4"
"AC";"PORTO WALTER";"120039";"2016";"2";"1";"1"
"AC";"PORTO WALTER";"120039";"2016";"2";"2";"6"
"AC";"PORTO WALTER";"120039";"2016";"2";"3";"6"
"AC";"PORTO WALTER";"120039";"2016";"4";"2";"2"
"AC";"PORTO WALTER";"120039";"2016";"4";"3";"1"
"AC";"PORTO WALTER";"120039";"2017";"2";"2";"4"
"AC";"PORTO WALTER";"120039";"2017";"2";"3";"4"
"AC";"PORTO WALTER";"120039";"2017";"4";"2";"2"
"AC";"PORTO WALTER";"120039";"2017";"4";"3";"4"
"AC";"PORTO WALTER";"120039";"2018";"2";"1";"3"
"AC";"PORTO WALTER";"120039";"2018";"2";"2";"5"
"AC";"PORTO WALTER";"120039";"2018";"2";"3";"6"
"AC";"PORTO WALTER";"120039";"2018";"4";"2";"3"
"AC";"PORTO WALTER";"120039";"2018";"4";"3";"5"
"AC";"PORTO WALTER";"120039";"2019";"2";"1";"2"
"AC";"PORTO WALTER";"120039";"2019";"2";"2";"6"
"AC";"PORTO WALTER";"120039";"2019";"2";"3";"5"
"AC";"PORTO WALTER";"120039";"2019";"4";"1";"3"
"AC";"PORTO WALTER";"120039";"2019";"4";"2";"4"
"AC";"PORTO WALTER";"120039";"2019";"4";"3";"10"
"AC";"PORTO WALTER";"120039";"2020";"2";"1";"3"
"AC";"PORTO WALTER";"120039";"2020";"2";"2";"5"
"AC";"PORTO WALTER";"120039";"2020";"2";"3";"7"
"AC";"PORTO WALTER";"120039";"2020";"4";"1";"1"
"AC";"PORTO WALTER";"120039";"2020";"4";"2";"6"
"AC";"PORTO WALTER";"120039";"2020";"4";"3";"11"
"AC";"PORTO WALTER";"120039";"2021";"2";"1";"15"
"AC";"PORTO WALTER";"120039";"2021";"2";"2";"7"
"AC";"PORTO WALTER";"120039";"2021";"2";"3";"9"
"AC";"PORTO WALTER";"120039";"2021";"4";"1";"8"
"AC";"PORTO WALTER";"120039";"2021";"4";"3";"26"
"AC";"RIO BRANCO";"120040";"2010";"2";NA;"61"
"AC";"RIO BRANCO";"120040";"2010";"2";"1";"9"
"AC";"RIO BRANCO";"120040";"2010";"2";"2";"7"
"AC";"RIO BRANCO";"120040";"2010";"4";NA;"85"
"AC";"RIO BRANCO";"120040";"2010";"4";"1";"4"
"AC";"RIO BRANCO";"120040";"2010";"4";"2";"2"
"AC";"RIO BRANCO";"120040";"2011";"2";"1";"15"
"AC";"RIO BRANCO";"120040";"2011";"2";"2";"10"
"AC";"RIO BRANCO";"120040";"2011";"2";"3";"51"
"AC";"RIO BRANCO";"120040";"2011";"2";"9";"1"
"AC";"RIO BRANCO";"120040";"2011";"4";"1";"5"
"AC";"RIO BRANCO";"120040";"2011";"4";"2";"3"
"AC";"RIO BRANCO";"120040";"2011";"4";"3";"76"
"AC";"RIO BRANCO";"120040";"2012";"2";"1";"13"
"AC";"RIO BRANCO";"120040";"2012";"2";"2";"14"
"AC";"RIO BRANCO";"120040";"2012";"2";"3";"77"
"AC";"RIO BRANCO";"120040";"2012";"2";"9";"5"
"AC";"RIO BRANCO";"120040";"2012";"4";"1";"1"
"AC";"RIO BRANCO";"120040";"2012";"4";"2";"2"
"AC";"RIO BRANCO";"120040";"2012";"4";"3";"45"
"AC";"RIO BRANCO";"120040";"2014";"2";NA;"72"
"AC";"RIO BRANCO";"120040";"2014";"2";"1";"49"
"AC";"RIO BRANCO";"120040";"2014";"2";"2";"5"
"AC";"RIO BRANCO";"120040";"2014";"2";"9";"1"
"AC";"RIO BRANCO";"120040";"2014";"4";NA;"75"
"AC";"RIO BRANCO";"120040";"2014";"4";"1";"22"
"AC";"RIO BRANCO";"120040";"2014";"4";"2";"5"
"AC";"RIO BRANCO";"120040";"2015";"2";NA;"108"
"AC";"RIO BRANCO";"120040";"2015";"2";"1";"19"
"AC";"RIO BRANCO";"120040";"2015";"2";"2";"3"
"AC";"RIO BRANCO";"120040";"2015";"2";"9";"4"
"AC";"RIO BRANCO";"120040";"2015";"4";NA;"229"
"AC";"RIO BRANCO";"120040";"2015";"4";"1";"8"
"AC";"RIO BRANCO";"120040";"2015";"4";"2";"5"
"AC";"RIO BRANCO";"120040";"2015";"4";"9";"2"
"AC";"RIO BRANCO";"120040";"2016";"2";"1";"70"
"AC";"RIO BRANCO";"120040";"2016";"2";"2";"7"
"AC";"RIO BRANCO";"120040";"2016";"2";"3";"19"
"AC";"RIO BRANCO";"120040";"2016";"2";"9";"2"
"AC";"RIO BRANCO";"120040";"2016";"4";"1";"31"
"AC";"RIO BRANCO";"120040";"2016";"4";"2";"1"
"AC";"RIO BRANCO";"120040";"2016";"4";"3";"131"
"AC";"RIO BRANCO";"120040";"2016";"4";"9";"1"
"AC";"RIO BRANCO";"120040";"2017";"2";"1";"25"
"AC";"RIO BRANCO";"120040";"2017";"2";"2";"16"
"AC";"RIO BRANCO";"120040";"2017";"2";"3";"32"
"AC";"RIO BRANCO";"120040";"2017";"2";"9";"4"
"AC";"RIO BRANCO";"120040";"2017";"4";"1";"2"
"AC";"RIO BRANCO";"120040";"2017";"4";"2";"6"
"AC";"RIO BRANCO";"120040";"2017";"4";"3";"59"
"AC";"RIO BRANCO";"120040";"2017";"4";"9";"4"
"AC";"RIO BRANCO";"120040";"2018";"2";NA;"2"
"AC";"RIO BRANCO";"120040";"2018";"2";"1";"96"
"AC";"RIO BRANCO";"120040";"2018";"2";"2";"36"
"AC";"RIO BRANCO";"120040";"2018";"2";"3";"76"
"AC";"RIO BRANCO";"120040";"2018";"2";"9";"2"
"AC";"RIO BRANCO";"120040";"2018";"4";"1";"45"
"AC";"RIO BRANCO";"120040";"2018";"4";"2";"11"
"AC";"RIO BRANCO";"120040";"2018";"4";"3";"145"
"AC";"RIO BRANCO";"120040";"2018";"4";"9";"2"
"AC";"RIO BRANCO";"120040";"2019";"2";"1";"215"
"AC";"RIO BRANCO";"120040";"2019";"2";"2";"23"
"AC";"RIO BRANCO";"120040";"2019";"2";"3";"132"
"AC";"RIO BRANCO";"120040";"2019";"2";"9";"6"
"AC";"RIO BRANCO";"120040";"2019";"4";"1";"141"
"AC";"RIO BRANCO";"120040";"2019";"4";"2";"11"
"AC";"RIO BRANCO";"120040";"2019";"4";"3";"192"
"AC";"RIO BRANCO";"120040";"2019";"4";"9";"1"
"AC";"RIO BRANCO";"120040";"2020";"2";"1";"74"
"AC";"RIO BRANCO";"120040";"2020";"2";"2";"34"
"AC";"RIO BRANCO";"120040";"2020";"2";"3";"201"
"AC";"RIO BRANCO";"120040";"2020";"2";"9";"12"
"AC";"RIO BRANCO";"120040";"2020";"4";NA;"1"
"AC";"RIO BRANCO";"120040";"2020";"4";"1";"48"
"AC";"RIO BRANCO";"120040";"2020";"4";"2";"9"
"AC";"RIO BRANCO";"120040";"2020";"4";"3";"295"
"AC";"RIO BRANCO";"120040";"2020";"4";"9";"7"
"AC";"RIO BRANCO";"120040";"2021";"2";"1";"207"
"AC";"RIO BRANCO";"120040";"2021";"2";"2";"14"
"AC";"RIO BRANCO";"120040";"2021";"2";"3";"112"
"AC";"RIO BRANCO";"120040";"2021";"2";"9";"31"
"AC";"RIO BRANCO";"120040";"2021";"4";"1";"117"
"AC";"RIO BRANCO";"120040";"2021";"4";"2";"10"
"AC";"RIO BRANCO";"120040";"2021";"4";"3";"185"
"AC";"RIO BRANCO";"120040";"2021";"4";"9";"13"
"AC";"RODRIGUES ALVES";"120042";"2010";"2";NA;"3"
"AC";"RODRIGUES ALVES";"120042";"2010";"2";"1";"2"
"AC";"RODRIGUES ALVES";"120042";"2010";"2";"2";"1"
"AC";"RODRIGUES ALVES";"120042";"2010";"4";NA;"5"
"AC";"RODRIGUES ALVES";"120042";"2010";"4";"2";"1"
"AC";"RODRIGUES ALVES";"120042";"2011";"2";"1";"4"
"AC";"RODRIGUES ALVES";"120042";"2011";"2";"2";"2"
"AC";"RODRIGUES ALVES";"120042";"2011";"2";"3";"9"
"AC";"RODRIGUES ALVES";"120042";"2011";"4";"1";"1"
"AC";"RODRIGUES ALVES";"120042";"2011";"4";"3";"15"
"AC";"RODRIGUES ALVES";"120042";"2012";"2";"1";"8"
"AC";"RODRIGUES ALVES";"120042";"2012";"2";"2";"9"
"AC";"RODRIGUES ALVES";"120042";"2012";"2";"3";"5"
"AC";"RODRIGUES ALVES";"120042";"2012";"4";"1";"6"
"AC";"RODRIGUES ALVES";"120042";"2012";"4";"2";"2"
"AC";"RODRIGUES ALVES";"120042";"2012";"4";"3";"16"
"AC";"RODRIGUES ALVES";"120042";"2014";"2";NA;"2"
"AC";"RODRIGUES ALVES";"120042";"2014";"2";"1";"2"
"AC";"RODRIGUES ALVES";"120042";"2014";"2";"2";"5"
"AC";"RODRIGUES ALVES";"120042";"2014";"4";NA;"15"
"AC";"RODRIGUES ALVES";"120042";"2014";"4";"1";"1"
"AC";"RODRIGUES ALVES";"120042";"2014";"4";"2";"4"
"AC";"RODRIGUES ALVES";"120042";"2015";"2";NA;"8"
"AC";"RODRIGUES ALVES";"120042";"2015";"2";"1";"1"
"AC";"RODRIGUES ALVES";"120042";"2015";"2";"2";"1"
"AC";"RODRIGUES ALVES";"120042";"2015";"4";NA;"17"
"AC";"RODRIGUES ALVES";"120042";"2015";"4";"1";"1"
"AC";"RODRIGUES ALVES";"120042";"2015";"4";"2";"1"
"AC";"RODRIGUES ALVES";"120042";"2016";"2";"1";"1"
"AC";"RODRIGUES ALVES";"120042";"2016";"2";"2";"1"
"AC";"RODRIGUES ALVES";"120042";"2016";"2";"3";"7"
"AC";"RODRIGUES ALVES";"120042";"2016";"4";"1";"2"
"AC";"RODRIGUES ALVES";"120042";"2016";"4";"2";"1"
"AC";"RODRIGUES ALVES";"120042";"2016";"4";"3";"1"
"AC";"RODRIGUES ALVES";"120042";"2017";"2";"2";"3"
"AC";"RODRIGUES ALVES";"120042";"2017";"2";"3";"4"
"AC";"RODRIGUES ALVES";"120042";"2017";"4";"1";"1"
"AC";"RODRIGUES ALVES";"120042";"2017";"4";"2";"2"
"AC";"RODRIGUES ALVES";"120042";"2017";"4";"3";"10"
"AC";"RODRIGUES ALVES";"120042";"2018";"2";"1";"3"
"AC";"RODRIGUES ALVES";"120042";"2018";"2";"2";"13"
"AC";"RODRIGUES ALVES";"120042";"2018";"2";"3";"11"
"AC";"RODRIGUES ALVES";"120042";"2018";"4";"1";"1"
"AC";"RODRIGUES ALVES";"120042";"2018";"4";"2";"6"
"AC";"RODRIGUES ALVES";"120042";"2018";"4";"3";"18"
"AC";"RODRIGUES ALVES";"120042";"2019";"2";"1";"4"
"AC";"RODRIGUES ALVES";"120042";"2019";"2";"2";"14"
"AC";"RODRIGUES ALVES";"120042";"2019";"2";"3";"7"
"AC";"RODRIGUES ALVES";"120042";"2019";"4";"1";"4"
"AC";"RODRIGUES ALVES";"120042";"2019";"4";"2";"5"
"AC";"RODRIGUES ALVES";"120042";"2019";"4";"3";"8"
"AC";"RODRIGUES ALVES";"120042";"2020";"2";"1";"4"
"AC";"RODRIGUES ALVES";"120042";"2020";"2";"2";"12"
"AC";"RODRIGUES ALVES";"120042";"2020";"2";"3";"9"
"AC";"RODRIGUES ALVES";"120042";"2020";"4";"1";"2"
"AC";"RODRIGUES ALVES";"120042";"2020";"4";"2";"3"
"AC";"RODRIGUES ALVES";"120042";"2020";"4";"3";"19"
"AC";"RODRIGUES ALVES";"120042";"2021";"2";"1";"23"
"AC";"RODRIGUES ALVES";"120042";"2021";"2";"2";"3"
"AC";"RODRIGUES ALVES";"120042";"2021";"2";"3";"5"
"AC";"RODRIGUES ALVES";"120042";"2021";"4";"1";"9"
"AC";"RODRIGUES ALVES";"120042";"2021";"4";"2";"2"
"AC";"RODRIGUES ALVES";"120042";"2021";"4";"3";"14"
"AC";"SANTA ROSA DO PURUS";"120043";"2011";"4";"3";"1"
"AC";"SANTA ROSA DO PURUS";"120043";"2012";"2";"3";"2"
"AC";"SANTA ROSA DO PURUS";"120043";"2014";"2";NA;"1"
"AC";"SANTA ROSA DO PURUS";"120043";"2014";"4";NA;"1"
"AC";"SANTA ROSA DO PURUS";"120043";"2015";"2";"1";"1"
"AC";"SANTA ROSA DO PURUS";"120043";"2015";"4";NA;"7"
"AC";"SANTA ROSA DO PURUS";"120043";"2015";"4";"3";"1"
"AC";"SANTA ROSA DO PURUS";"120043";"2016";"4";"3";"1"
"AC";"SANTA ROSA DO PURUS";"120043";"2017";"4";"3";"1"
"AC";"SANTA ROSA DO PURUS";"120043";"2018";"2";"2";"1"
"AC";"SANTA ROSA DO PURUS";"120043";"2018";"4";"1";"1"
"AC";"SANTA ROSA DO PURUS";"120043";"2018";"4";"3";"3"
"AC";"SANTA ROSA DO PURUS";"120043";"2019";"2";"1";"1"
"AC";"SANTA ROSA DO PURUS";"120043";"2019";"2";"3";"1"
"AC";"SANTA ROSA DO PURUS";"120043";"2019";"4";"1";"3"
"AC";"SANTA ROSA DO PURUS";"120043";"2019";"4";"3";"4"
"AC";"SANTA ROSA DO PURUS";"120043";"2020";"2";"3";"1"
"AC";"SANTA ROSA DO PURUS";"120043";"2020";"4";"1";"2"
"AC";"SANTA ROSA DO PURUS";"120043";"2020";"4";"3";"2"
"AC";"SANTA ROSA DO PURUS";"120043";"2021";"2";"1";"1"
"AC";"SANTA ROSA DO PURUS";"120043";"2021";"2";"2";"1"
"AC";"SANTA ROSA DO PURUS";"120043";"2021";"2";"3";"1"
"AC";"SANTA ROSA DO PURUS";"120043";"2021";"4";"3";"1"
"AC";"SENA MADUREIRA";"120050";"2010";"2";NA;"1"
"AC";"SENA MADUREIRA";"120050";"2010";"2";"2";"1"
"AC";"SENA MADUREIRA";"120050";"2010";"4";NA;"2"
"AC";"SENA MADUREIRA";"120050";"2011";"2";"1";"4"
"AC";"SENA MADUREIRA";"120050";"2011";"2";"3";"1"
"AC";"SENA MADUREIRA";"120050";"2012";"2";"1";"2"
"AC";"SENA MADUREIRA";"120050";"2012";"2";"2";"1"
"AC";"SENA MADUREIRA";"120050";"2012";"4";"1";"1"
"AC";"SENA MADUREIRA";"120050";"2014";"2";NA;"2"
"AC";"SENA MADUREIRA";"120050";"2014";"2";"1";"1"
"AC";"SENA MADUREIRA";"120050";"2014";"2";"2";"1"
"AC";"SENA MADUREIRA";"120050";"2014";"4";NA;"2"
"AC";"SENA MADUREIRA";"120050";"2015";"2";NA;"3"
"AC";"SENA MADUREIRA";"120050";"2015";"2";"1";"2"
"AC";"SENA MADUREIRA";"120050";"2015";"2";"2";"3"
"AC";"SENA MADUREIRA";"120050";"2015";"4";NA;"10"
"AC";"SENA MADUREIRA";"120050";"2015";"4";"1";"1"
"AC";"SENA MADUREIRA";"120050";"2016";"2";"1";"3"
"AC";"SENA MADUREIRA";"120050";"2016";"4";"1";"3"
"AC";"SENA MADUREIRA";"120050";"2016";"4";"2";"1"
"AC";"SENA MADUREIRA";"120050";"2016";"4";"3";"9"
"AC";"SENA MADUREIRA";"120050";"2017";"2";"1";"1"
"AC";"SENA MADUREIRA";"120050";"2017";"2";"3";"2"
"AC";"SENA MADUREIRA";"120050";"2017";"4";"1";"1"
"AC";"SENA MADUREIRA";"120050";"2017";"4";"3";"3"
"AC";"SENA MADUREIRA";"120050";"2018";"2";"1";"7"
"AC";"SENA MADUREIRA";"120050";"2018";"2";"2";"1"
"AC";"SENA MADUREIRA";"120050";"2018";"2";"3";"2"
"AC";"SENA MADUREIRA";"120050";"2018";"4";"1";"4"
"AC";"SENA MADUREIRA";"120050";"2018";"4";"3";"5"
"AC";"SENA MADUREIRA";"120050";"2019";"2";"1";"19"
"AC";"SENA MADUREIRA";"120050";"2019";"2";"3";"5"
"AC";"SENA MADUREIRA";"120050";"2019";"4";"1";"6"
"AC";"SENA MADUREIRA";"120050";"2019";"4";"2";"1"
"AC";"SENA MADUREIRA";"120050";"2019";"4";"3";"12"
"AC";"SENA MADUREIRA";"120050";"2020";"2";"1";"8"
"AC";"SENA MADUREIRA";"120050";"2020";"2";"2";"4"
"AC";"SENA MADUREIRA";"120050";"2020";"2";"3";"14"
"AC";"SENA MADUREIRA";"120050";"2020";"4";"2";"2"
"AC";"SENA MADUREIRA";"120050";"2020";"4";"3";"14"
"AC";"SENA MADUREIRA";"120050";"2021";"2";"1";"5"
"AC";"SENA MADUREIRA";"120050";"2021";"2";"2";"1"
"AC";"SENA MADUREIRA";"120050";"2021";"2";"3";"4"
"AC";"SENA MADUREIRA";"120050";"2021";"4";"1";"5"
"AC";"SENA MADUREIRA";"120050";"2021";"4";"3";"12"
"AC";"SENADOR GUIOMARD";"120045";"2010";"2";NA;"2"
"AC";"SENADOR GUIOMARD";"120045";"2010";"2";"1";"1"
"AC";"SENADOR GUIOMARD";"120045";"2010";"4";NA;"4"
"AC";"SENADOR GUIOMARD";"120045";"2011";"2";"3";"4"
"AC";"SENADOR GUIOMARD";"120045";"2011";"4";"3";"1"
"AC";"SENADOR GUIOMARD";"120045";"2012";"2";"1";"1"
"AC";"SENADOR GUIOMARD";"120045";"2012";"2";"2";"1"
"AC";"SENADOR GUIOMARD";"120045";"2012";"2";"3";"6"
"AC";"SENADOR GUIOMARD";"120045";"2012";"2";"9";"1"
"AC";"SENADOR GUIOMARD";"120045";"2012";"4";"1";"1"
"AC";"SENADOR GUIOMARD";"120045";"2012";"4";"3";"5"
"AC";"SENADOR GUIOMARD";"120045";"2014";"2";NA;"7"
"AC";"SENADOR GUIOMARD";"120045";"2014";"2";"1";"2"
"AC";"SENADOR GUIOMARD";"120045";"2014";"4";NA;"7"
"AC";"SENADOR GUIOMARD";"120045";"2015";"2";NA;"4"
"AC";"SENADOR GUIOMARD";"120045";"2015";"4";NA;"19"
"AC";"SENADOR GUIOMARD";"120045";"2015";"4";"2";"1"
"AC";"SENADOR GUIOMARD";"120045";"2016";"2";"1";"4"
"AC";"SENADOR GUIOMARD";"120045";"2016";"2";"3";"1"
"AC";"SENADOR GUIOMARD";"120045";"2016";"4";"1";"1"
"AC";"SENADOR GUIOMARD";"120045";"2016";"4";"3";"6"
"AC";"SENADOR GUIOMARD";"120045";"2016";"4";"9";"1"
"AC";"SENADOR GUIOMARD";"120045";"2017";"2";"3";"2"
"AC";"SENADOR GUIOMARD";"120045";"2017";"4";"3";"6"
"AC";"SENADOR GUIOMARD";"120045";"2018";"2";"1";"9"
"AC";"SENADOR GUIOMARD";"120045";"2018";"2";"2";"1"
"AC";"SENADOR GUIOMARD";"120045";"2018";"2";"3";"2"
"AC";"SENADOR GUIOMARD";"120045";"2018";"2";"9";"1"
"AC";"SENADOR GUIOMARD";"120045";"2018";"4";"1";"4"
"AC";"SENADOR GUIOMARD";"120045";"2018";"4";"3";"19"
"AC";"SENADOR GUIOMARD";"120045";"2019";"2";"1";"16"
"AC";"SENADOR GUIOMARD";"120045";"2019";"2";"3";"6"
"AC";"SENADOR GUIOMARD";"120045";"2019";"4";"1";"16"
"AC";"SENADOR GUIOMARD";"120045";"2019";"4";"3";"19"
"AC";"SENADOR GUIOMARD";"120045";"2020";"2";"1";"12"
"AC";"SENADOR GUIOMARD";"120045";"2020";"2";"2";"3"
"AC";"SENADOR GUIOMARD";"120045";"2020";"2";"3";"15"
"AC";"SENADOR GUIOMARD";"120045";"2020";"2";"9";"2"
"AC";"SENADOR GUIOMARD";"120045";"2020";"4";"1";"4"
"AC";"SENADOR GUIOMARD";"120045";"2020";"4";"2";"4"
"AC";"SENADOR GUIOMARD";"120045";"2020";"4";"3";"23"
"AC";"SENADOR GUIOMARD";"120045";"2020";"4";"9";"1"
"AC";"SENADOR GUIOMARD";"120045";"2021";"2";"1";"15"
"AC";"SENADOR GUIOMARD";"120045";"2021";"2";"2";"2"
